<client_state>
<host_info>
    <timezone>3600</timezone>
    <domain_name>localhost</domain_name>
    <ip_addr>127.0.0.1</ip_addr>
    <host_cpid>e52ee2df01646d3dfdf052fd42bbd53c</host_cpid>
    <p_ncpus>1</p_ncpus>
    <p_vendor>GenuineIntel</p_vendor>
    <p_model>Intel(R) Pentium(R) 4 CPU 2.53GHz</p_model>
    <p_fpops>978765965.997475</p_fpops>
    <p_iops>2937079244.163305</p_iops>
    <p_membw>1000000000.000000</p_membw>
    <p_fpop_err>0</p_fpop_err>
    <p_iop_err>0</p_iop_err>
    <p_membw_err>0</p_membw_err>
    <p_calculated>1126289836.948836</p_calculated>
    <os_name>Linux</os_name>
    <os_version>2.6.12-gentoo-r8</os_version>
    <m_nbytes>527564800.000000</m_nbytes>
    <m_cache>1000000.000000</m_cache>
    <m_swap>0.000000</m_swap>
    <d_total>29526749184.000000</d_total>
    <d_free>3145220096.000000</d_free>
</host_info>
<time_stats>
    <on_frac>1.000000</on_frac>
    <connected_frac>1.000000</connected_frac>
    <active_frac>1.000000</active_frac>
    <cpu_efficiency>1.000000</cpu_efficiency>
    <last_update>0.000000</last_update>
</time_stats>
<net_stats>
    <bwup>0</bwup>
    <bwdown>0</bwdown>
</net_stats>
<active_task_set>
</active_task_set>
<platform_name>i686-pc-linux-gnu</platform_name>
<core_client_major_version>4</core_client_major_version>
<core_client_minor_version>72</core_client_minor_version>
<user_run_request>2</user_run_request>
<user_network_request>2</user_network_request>
<proxy_info>
    <socks_version>5</socks_version>
    <socks_server_name></socks_server_name>
    <socks_server_port>80</socks_server_port>
    <http_server_name></http_server_name>
    <http_server_port>80</http_server_port>
    <socks5_user_name></socks5_user_name>
    <socks5_user_passwd></socks5_user_passwd>
    <http_user_name></http_user_name>
    <http_user_passwd></http_user_passwd>
</proxy_info>
</client_state>
