<?xml version="1.0" encoding="UTF-8"?>
<!DOCTYPE article PUBLIC "-//OASIS//DTD DocBook XML V4.3//EN"
"http://www.oasis-open.org/docbook/xml/4.3/docbookx.dtd">
<article>
  <title>Tutorial: Creating an Installation Wizard</title>

  <articleinfo>
    <author>
      <firstname>Michael</firstname>

      <surname>Rudolf</surname>
    </author>

    <copyright>
      <year>2005</year>

      <holder>Michael Rudolf</holder>
    </copyright>

    <legalnotice>
      <para>All rights reserved.</para>

      <para>Redistribution and use in source and binary forms, with or without
      modification, are permitted provided that the following conditions are
      met:</para>

      <orderedlist>
        <listitem>
          <para>Redistributions of source code must retain the above copyright
          notice, this list of conditions and the following disclaimer.</para>
        </listitem>

        <listitem>
          <para>Redistributions in binary form must reproduce the above
          copyright notice, this list of conditions and the following
          disclaimer in the documentation and/or other materials provided with
          the distribution.</para>
        </listitem>

        <listitem>
          <para>Neither the name Michael Rudolf nor the names of its
          contributors may be used to endorse or promote products derived from
          this software without specific prior written permission.</para>
        </listitem>
      </orderedlist>

      <para>THIS SOFTWARE IS PROVIDED BY THE COPYRIGHT HOLDERS AND
      CONTRIBUTORS "AS IS" AND ANY EXPRESS OR IMPLIED WARRANTIES, INCLUDING,
      BUT NOT LIMITED TO, THE IMPLIED WARRANTIES OF MERCHANTABILITY AND
      FITNESS FOR A PARTICULAR PURPOSE ARE DISCLAIMED. IN NO EVENT SHALL THE
      COPYRIGHT OWNER OR CONTRIBUTORS BE LIABLE FOR ANY DIRECT, INDIRECT,
      INCIDENTAL, SPECIAL, EXEMPLARY, OR CONSEQUENTIAL DAMAGES (INCLUDING, BUT
      NOT LIMITED TO, PROCUREMENT OF SUBSTITUTE GOODS OR SERVICES; LOSS OF
      USE, DATA, OR PROFITS; OR BUSINESS INTERRUPTION) HOWEVER CAUSED AND ON
      ANY THEORY OF LIABILITY, WHETHER IN CONTRACT, STRICT LIABILITY, OR TORT
      (INCLUDING NEGLIGENCE OR OTHERWISE) ARISING IN ANY WAY OUT OF THE USE OF
      THIS SOFTWARE, EVEN IF ADVISED OF THE POSSIBILITY OF SUCH DAMAGE.</para>
    </legalnotice>
  </articleinfo>

  <abstract>
    <para>This tutorial will guide you through the process of creating a
    simple installation wizard using jwizz. Each step will be accompagnied by
    source code and screenshots.</para>
  </abstract>

  <section>
    <title>Introduction</title>

    <para>Before you start coding please verify that you have a Java
    Development Kit (version 1.4 or greater) installed. Sun's JDK can be
    obtained at <ulink url="http://java.sun.com/j2se/1.4/"></ulink></para>

    <para>Furthermore make sure that you have the latest version of the jwizz
    library available. If not, download it at <ulink
    url="http://javaprog.net/jwizz/"></ulink></para>

    <para>For the compiler and the virtual machine to know about jwizz the
    library has to be added to the classpath. If you don't use an IDE with
    configurable build and execution environments you can pass command line
    options to the executables:</para>

    <blockquote>
      <para>java -classpath jwizz.jar InstallWizard</para>
    </blockquote>
  </section>

  <section>
    <title>Writing the skeleton</title>

    <para>The main class responsible for setting up and starting the
    installation wizard will be called
    <classname>InstallationWizard</classname>. Its task is it to create a
    model containing the wizard steps, initialize the wizard and position it
    on the screen.</para>

    <programlisting>import net.javaprog.ui.wizard.*;

public class InstallWizard {
    public static void main(String[] args) {
        DataModel data = new DataModel();
        
        WizardModel model = new DefaultWizardModel(new Step[]{
            new WelcomeStep(),
            new LicenseStep(),
            new LocationStep(data),
            new FinishStep()
        });
        
        Wizard wizard = new Wizard(model, "Installation Wizard",
            new ImageIcon("computer.gif"));
        
        wizard.pack();
        wizard.setLocationRelativeTo(null);
        wizard.setVisible(true);
    }
}</programlisting>

    <para>The <classname>DataModel</classname> instance can later be used to
    query the installation location selected by the user.</para>
  </section>

  <section>
    <title>The Welcome step</title>

    <para>The first step shown to the user when the wizard ist started
    displays an explanatory welcome message. The super call in the constructor
    passes the step name and description to the
    <classname>AbstractStep</classname> superclass which implements most of
    the methods in the <interfacename>Step</interfacename> interface. While
    the <methodname>createComponent</methodname> method returns the
    <classname>JComponent</classname> instance actually being displayed, the
    <methodname>prepareRendering</methodname> method is not needed here and is
    therefore empty. Be aware that we will leave out the required import
    statements in the listings below.</para>

    <programlisting>import javax.swing.*;
import net.javaprog.ui.wizard.*;

class WelcomeStep extends AbstractStep {
    public WelcomeStep() {
        super("Welcome", "This is the Installation Wizard");
    }
    
    protected JComponent createComponent() {
        JPanel stepComponent = new JPanel();
        stepComponent.add(
            new JLabel("&lt;html&gt;This wizard will guide you through the installation process.&lt;p&gt;"
                + "You can navigate through the steps using the buttons below.&lt;/html&gt;"));
        return stepComponent;
    }

    public void prepareRendering() {}
}</programlisting>

    <informalfigure>
      <screenshot>
        <screeninfo>A screenshot of the first step under Windows</screeninfo>

        <mediaobject>
          <imageobject>
            <imagedata fileref="img/WelcomeStep.gif" format="GIF" />
          </imageobject>
        </mediaobject>
      </screenshot>
    </informalfigure>
  </section>

  <section>
    <title>The License step</title>

    <para>This step covers an elementary part of installation procedures: it
    shows a license and requires the user's agreement before continuing. The
    license text is displayed inside a text area with scroll bars. Below that
    are two radio buttons for approval respectively disagreement of the
    license. The buttons are grouped so that only one can be selected at a
    time.</para>

    <programlisting>class LicenseStep extends AbstractStep {
    protected JTextArea licenseArea = new JTextArea();
    
    public LicenseStep() {
        super("License Agreement", "Please read the license carefully");
    }
    
    protected JComponent createComponent() {
        JPanel stepComponent = new JPanel(new BorderLayout(0, 10));
        stepComponent.add(new JScrollPane(licenseArea));
        
        final JRadioButton noRadioButton = new JRadioButton(
                "No, I don't accept the license terms", true);
        final JRadioButton yesRadioButton = new JRadioButton(
                "Yes, I accept the license terms");
        
        ButtonGroup group = new ButtonGroup();
        group.add(noRadioButton);
        group.add(yesRadioButton);
                
        JPanel choicePanel = new JPanel(new GridLayout(2, 1, 0, 5));
        choicePanel.add(noRadioButton);
        choicePanel.add(yesRadioButton);
        stepComponent.add(choicePanel, BorderLayout.SOUTH);
        return stepComponent;
    }
}</programlisting>

    <para>In order to be able to react to the button clicks we register an
    action listener with them. The wizard's "Next" button is enabled and
    disabled accordingly.</para>

    <programlisting>ActionListener buttonListener = new ActionListener() {
    public void actionPerformed(ActionEvent e) {
        setCanGoNext(e.getSource() == yesRadioButton);
    }
};
noRadioButton.addActionListener(buttonListener);
yesRadioButton.addActionListener(buttonListener);</programlisting>

    <para>Finally, because the disapproval button is selected by default, the
    wizard's "Next" button has to be disabled. In the
    <methodname>prepareRendering</methodname> method we read in the license
    from a file line by line and fill the text area with. This should actually
    be done in the <methodname>createComponent</methodname> method because
    that is only called once in contrast to the
    <methodname>prepareRendering</methodname> method which is invoked each
    time the step is displayed (i.e. also when the user navigates backwards).
    However, for the sake of readability we put it here.</para>

    <programlisting>public void prepareRendering() {
    try {
        BufferedReader reader = new BufferedReader(
            new FileReader("LICENSE"));
        String line;
        while ((line = reader.readLine()) != null) {
            licenseArea.append(line + "\r\n");
        }
        reader.close();
    } catch (IOException ioe) {
        ioe.printStackTrace();
    }
    setCanGoNext(false);
}</programlisting>

    <informalfigure>
      <screenshot>
        <screeninfo>The license step showing the BSD-style license of
        jwizz.</screeninfo>

        <mediaobject>
          <imageobject>
            <imagedata fileref="img/LicenseStep.gif" format="GIF" />
          </imageobject>
        </mediaobject>
      </screenshot>
    </informalfigure>
  </section>

  <section>
    <title>The Location step</title>

    <para>Choosing an installation location is a common task for users.
    Therefore we show an input field together with a browse button. Due to the
    <classname>BoxLayout</classname> used we need to specify a maximum height
    for the panel.</para>

    <programlisting>class LocationStep extends AbstractStep {
    protected DataModel data;
    protected JTextField fileTextField = new JTextField();
    protected JFileChooser fc = new JFileChooser();
    
    public LocationStep(DataModel data) {
        super("Choose location", "Please choose the installation location");
        this.data = data;
    }
    
    protected JComponent createComponent() {
        fc.setFileSelectionMode(JFileChooser.DIRECTORIES_ONLY);
        final JPanel stepComponent = new JPanel();
        stepComponent.setLayout(new BoxLayout(stepComponent, BoxLayout.Y_AXIS));
        stepComponent.add(Box.createVerticalGlue());
        JPanel inputPanel = new JPanel(new BorderLayout(5, 0));
        inputPanel.add(new JLabel("Directory:"), BorderLayout.WEST);
        inputPanel.add(fileTextField);
        JButton browseButton = new JButton("Browse...");
        inputPanel.add(browseButton, BorderLayout.EAST);
        inputPanel.setMaximumSize(new Dimension(Integer.MAX_VALUE, 
                inputPanel.getPreferredSize().height));
        stepComponent.add(inputPanel);
        stepComponent.add(Box.createVerticalGlue());
        return stepComponent;
    }
    
    public void prepareRendering() {}
}</programlisting>

    <para>When clicking the browse button a directory chooser dialog should be
    displayed and the text field has to be updated to show the user's
    selection.</para>

    <programlisting>browseButton.addActionListener(new ActionListener() {
    public void actionPerformed(ActionEvent e) {
        if (fc.showOpenDialog(stepComponent) == JFileChooser.APPROVE_OPTION) {
            fileTextField.setText(fc.getSelectedFile().getPath());
        }
    }
});</programlisting>

    <para>In order to work with the chosen directory afterwards we attach the
    text field to an instance of the <classname>DataModel</classname> class
    using an identifyer string. The default implementation of the
    <interfacename>DataLookup</interfacename> interface only requires an
    object and a method to invoke it together with the parameter array.</para>

    <programlisting>Method method = null;
try {
    method = fileTextField.getClass().getMethod("getText", null);
} catch(NoSuchMethodException nsme) {}
data.registerDataLookup("location", 
        new DefaultDataLookup(fileTextField, method, null));</programlisting>

    <informalfigure>
      <screenshot>
        <screeninfo>The step for specifying the installation
        location.</screeninfo>

        <mediaobject>
          <imageobject>
            <imagedata fileref="img/LocationStep.gif" format="GIF" />
          </imageobject>
        </mediaobject>
      </screenshot>
    </informalfigure>
  </section>

  <section>
    <title>The Finish step</title>

    <para>The last step in the sequence is similar to the welcome screen: a
    simple text is shown informing the user of the further proceedings.
    Additionally we enable the "Finish" button.</para>

    <programlisting>class FinishStep extends AbstractStep {
    public FinishStep() {
        super("Finish", "The installation will now be started");
    }
    
    protected JComponent createComponent() {
        JPanel stepComponent = new JPanel();
        stepComponent.add(
            new JLabel("&lt;html&gt;The installation wizard will now copy the necessary files&lt;p&gt;"
                + "to your hard drive. Please click \"Finish\".&lt;/html&gt;"));
        return stepComponent;
    }
    
    public void prepareRendering() {
        setCanFinish(true);
    }
}</programlisting>

    <informalfigure>
      <screenshot>
        <screeninfo>The final step summarizing the process.</screeninfo>

        <mediaobject>
          <imageobject>
            <imagedata fileref="img/FinishStep.gif" format="GIF" />
          </imageobject>
        </mediaobject>
      </screenshot>
    </informalfigure>
  </section>

  <section>
    <title>Making it work</title>

    <para>You might have already asked yourself where the actual installation
    work, such as creating directories, copying files, etc., is done: whenever
    the wizard is finished or canceled, all instances of
    <interfacename>WizardModelListener</interfacename> registered with the
    wizard's model are notified. Thus, in order to perform the installation
    you have to create a listener and attach it to the model. In our case only
    the method <methodname>wizardFinished</methodname> needs to be
    implemented.</para>

    <programlisting>WizardModel model = ...;

model.addWizardModelListener(new WizardModelListener() {
    public void wizardFinished(WizardModelEvent e) {
        
    }

    public void wizardCanceled(WizardModelEvent e) {}
    public void stepShown(WizardModelEvent e) {}
    public void wizardModelChanged(WizardModelEvent e) {}
});

Wizard wizard = ...;</programlisting>
  </section>
</article>